{
    "train_loss": [
        0.08119640588760375,
        0.022611514627933503,
        0.018227183371782304,
        0.014433189742267132,
        0.01330082755535841,
        0.01267056554555893,
        0.0120450858771801,
        0.011048614978790283,
        0.011055093891918659,
        0.010081974565982818,
        0.009766622669994831,
        0.009396172631531953,
        0.009278485178947448,
        0.009018572214990854,
        0.00921881103888154,
        0.008854237105697393,
        0.008667914159595967,
        0.007994082812219859,
        0.008333865478634834,
        0.007482567504048347,
        0.007379395570605993,
        0.006921239104121924,
        0.006533120442181826,
        0.006269086468964815,
        0.006279531847685576,
        0.0060490378178656105,
        0.007022575698792935,
        0.007937720529735088,
        0.008177112024277448,
        0.007585422489792108,
        0.007526890505105257,
        0.00747604439035058,
        0.006572263911366462,
        0.007003897707909346,
        0.006756254732608795,
        0.006393298357725143,
        0.006301090139895677,
        0.0066863251477479934,
        0.006164853367954493,
        0.00657234326004982,
        0.006297646630555391,
        0.006297573782503605,
        0.006213325057178736,
        0.00629838028922677,
        0.005929400082677603,
        0.005514519475400448,
        0.005873713558539748,
        0.006119900103658438,
        0.0060473476722836495,
        0.005354592856019735
    ],
    "val_loss": [
        0.028408649377524853,
        0.017169599421322346,
        0.013865986140444875,
        0.014149919152259827,
        0.011966869700700045,
        0.01186229637823999,
        0.00899374415166676,
        0.010547296842560172,
        0.010275679407641292,
        0.008863564115017653,
        0.0089743307325989,
        0.009459212655201554,
        0.00721756333950907,
        0.007641908596269786,
        0.008019875385798514,
        0.008586216135881841,
        0.009043853497132659,
        0.0077236322103999555,
        0.007947337813675404,
        0.008521685609593987,
        0.007536777528002858,
        0.007499460014514625,
        0.0065349009819328785,
        0.007040962111204863,
        0.007031269953586161,
        0.006711764261126518,
        0.007918486022390425,
        0.008916379418224096,
        0.009221253101713955,
        0.007798329694196582,
        0.006993745570071042,
        0.006549668149091303,
        0.007229659124277532,
        0.007264372194185853,
        0.006651005940511823,
        0.0065985124092549086,
        0.005682565679308027,
        0.007044802885502577,
        0.006382552208378911,
        0.005724175658542663,
        0.006246787845157087,
        0.005925026955083013,
        0.00714584079105407,
        0.00546529539860785,
        0.006464546895585954,
        0.0058157764142379165,
        0.005381307448260486,
        0.005168420844711363,
        0.006882029585540295,
        0.0037334554363042116
    ],
    "val_psnr": [
        31.87628746032715,
        34.54541015625,
        34.806209564208984,
        36.401084899902344,
        35.56333923339844,
        36.10552215576172,
        38.1399040222168,
        37.752357482910156,
        37.54288864135742,
        39.1883430480957,
        37.56578826904297,
        37.545143127441406,
        39.93718338012695,
        39.94463348388672,
        40.25553894042969,
        39.82017135620117,
        37.25505447387695,
        37.19293212890625,
        39.14970016479492,
        39.662384033203125,
        39.21660614013672,
        39.4219856262207,
        41.52577590942383,
        40.479217529296875,
        43.905921936035156,
        40.736045837402344,
        38.378055572509766,
        37.462310791015625,
        37.56233596801758,
        38.11909866333008,
        37.57451248168945,
        41.04740905761719,
        39.2025146484375,
        41.34910583496094,
        38.67802810668945,
        39.30186462402344,
        41.30791091918945,
        40.336341857910156,
        40.840274810791016,
        40.554569244384766,
        39.9104118347168,
        40.42813491821289,
        42.405208587646484,
        42.985137939453125,
        40.788902282714844,
        42.602569580078125,
        44.192779541015625,
        42.12086486816406,
        41.21245193481445,
        47.42454528808594
    ],
    "val_ssim": [
        0.9839886815343842,
        0.9895391981639068,
        0.9884966178159741,
        0.9900027768156646,
        0.9892901723206147,
        0.9896326675651952,
        0.9907005363838508,
        0.9904019772729873,
        0.9895389056638593,
        0.9905426614299238,
        0.9891872658343214,
        0.988505488291449,
        0.9911171760811037,
        0.9906848150238144,
        0.990558638311777,
        0.9905583559099668,
        0.988736932780371,
        0.9884280517903108,
        0.9894031430647116,
        0.990425795781915,
        0.989540965285407,
        0.9900554330194664,
        0.9900491276798706,
        0.9906848584544494,
        0.9926736209730361,
        0.9912170016215414,
        0.9898282229987145,
        0.988833960176981,
        0.988705407041639,
        0.9888881855904543,
        0.9882908335724756,
        0.99054947109053,
        0.9888590273354949,
        0.9904440642150081,
        0.988622699359655,
        0.989416653533552,
        0.9902437225478699,
        0.9892026878683963,
        0.9902361401956896,
        0.9895331087492218,
        0.9896792183035168,
        0.9898496096565331,
        0.9906916277466613,
        0.9909709580419068,
        0.9906421685003969,
        0.991292498477603,
        0.9924234427439229,
        0.9909607339829036,
        0.9905729978273328,
        0.9942187279463769
    ]
}