{
    "train_loss": [
        0.17809309780597687,
        0.11057234853506089,
        0.10148676633834838,
        0.09808565646409989,
        0.0961003303527832,
        0.09392078518867493,
        0.09351441740989686,
        0.09300250768661499,
        0.09249247670173645,
        0.09281873613595963,
        0.09122906625270844,
        0.0899475473165512,
        0.0892091503739357,
        0.09061624974012375,
        0.08952412933111191,
        0.08799272209405899,
        0.08911652952432632,
        0.08840035766363144,
        0.08863578081130981,
        0.08719373345375062,
        0.08739999800920487,
        0.08640572994947433,
        0.08574484676122665,
        0.08596812963485717,
        0.0866660788655281,
        0.08567685335874557,
        0.08576856523752213,
        0.08524290919303894,
        0.08543082803487778,
        0.08529734641313552,
        0.08508031338453292,
        0.085354982316494,
        0.08404955208301544,
        0.08447262048721313,
        0.08397230267524719,
        0.08558775246143341,
        0.08354141145944595,
        0.08481273502111435,
        0.08315110951662064,
        0.08387462437152862,
        0.08224000424146652,
        0.08394260704517365,
        0.08321864366531372,
        0.0836144107580185,
        0.0834319445490837,
        0.08361226201057434,
        0.0832236921787262,
        0.08404724806547165,
        0.08341655850410462,
        0.08333502411842346
    ],
    "val_loss": [
        0.12965526431798935,
        0.10629254207015038,
        0.10203282535076141,
        0.09661288000643253,
        0.09463543817400932,
        0.09292207844555378,
        0.09165366366505623,
        0.09509283676743507,
        0.0961049236357212,
        0.09284157678484917,
        0.09204629994928837,
        0.09279147535562515,
        0.08700371533632278,
        0.09054329432547092,
        0.08874237909913063,
        0.08753548003733158,
        0.08799278549849987,
        0.09108858183026314,
        0.08715071901679039,
        0.08746033161878586,
        0.08437834307551384,
        0.08421649038791656,
        0.085981085896492,
        0.08765917457640171,
        0.08534749783575535,
        0.08709011785686016,
        0.08923020958900452,
        0.08659371547400951,
        0.08720079809427261,
        0.08323226496577263,
        0.08313296735286713,
        0.08777972683310509,
        0.08399364352226257,
        0.08806921169161797,
        0.08493989333510399,
        0.08237950690090656,
        0.08384910970926285,
        0.08358721248805523,
        0.08637413010001183,
        0.0863154735416174,
        0.08563925139605999,
        0.08037255331873894,
        0.08443194441497326,
        0.08276770450174809,
        0.08743844740092754,
        0.0827467292547226,
        0.08132940717041492,
        0.0798780545592308,
        0.08516457863152027,
        0.08563935197889805
    ],
    "val_psnr": [
        24.516403198242188,
        28.07036590576172,
        28.68463134765625,
        29.404569625854492,
        29.45538902282715,
        29.686176300048828,
        30.011314392089844,
        29.828903198242188,
        29.96331214904785,
        29.944992065429688,
        30.156143188476562,
        30.14727210998535,
        30.371109008789062,
        30.21312713623047,
        30.337827682495117,
        30.78265380859375,
        30.48690414428711,
        30.200532913208008,
        30.594614028930664,
        30.7550106048584,
        30.769207000732422,
        30.940872192382812,
        30.907442092895508,
        30.945068359375,
        30.591360092163086,
        31.043804168701172,
        31.235502243041992,
        30.839948654174805,
        30.898588180541992,
        31.082805633544922,
        31.014293670654297,
        31.143007278442383,
        31.1978759765625,
        30.825082778930664,
        30.995746612548828,
        31.102802276611328,
        30.979196548461914,
        31.147747039794922,
        30.958295822143555,
        31.046876907348633,
        31.166118621826172,
        31.42784881591797,
        31.137046813964844,
        31.316484451293945,
        31.162063598632812,
        31.4698486328125,
        31.521825790405273,
        31.534101486206055,
        31.216447830200195,
        31.146347045898438
    ],
    "val_ssim": [
        0.7108416920647828,
        0.7847627691625304,
        0.823764004525088,
        0.8301670093258615,
        0.8312710257650885,
        0.8329609968682482,
        0.8367405189822046,
        0.8443616761654645,
        0.8466134292801044,
        0.842881445854338,
        0.8483725986376375,
        0.8400776828465036,
        0.8464718588431893,
        0.8587790391013199,
        0.8484724287893739,
        0.8576654608292097,
        0.8497124441630447,
        0.8572917008678849,
        0.8525001250455675,
        0.8630023509251682,
        0.8649819656876286,
        0.8637441132906329,
        0.871590855026767,
        0.8557802987448853,
        0.8526440229752761,
        0.866351796760731,
        0.8611185618962961,
        0.8620250158152766,
        0.8634974085314623,
        0.865043222223387,
        0.8539093918100339,
        0.8714289575615733,
        0.8608147515719012,
        0.860326202788157,
        0.8645498133265125,
        0.8635830256157686,
        0.8721301668137815,
        0.8640523538627669,
        0.8647881492308279,
        0.8676125073916975,
        0.8630789238572402,
        0.86963621150493,
        0.8763624786386974,
        0.8650396340171754,
        0.8661489350300209,
        0.8700949639735488,
        0.8719561768818704,
        0.8702471013385933,
        0.8714218203880946,
        0.8663242965676258
    ]
}