{
    "train_loss": [
        0.2746206450462341,
        0.16094956576824188,
        0.13982652127742767,
        0.13568311780691147,
        0.12763192534446716,
        0.12713847190141678,
        0.12695223450660706,
        0.11880428403615952,
        0.1167291498184204,
        0.11913357436656952,
        0.11594773471355438,
        0.11704914569854737,
        0.12516371726989747,
        0.11771967351436614,
        0.11367117017507553,
        0.11251080483198166,
        0.1099951758980751,
        0.11217480152845383,
        0.11215092897415162,
        0.10942805469036103,
        0.11087294191122055,
        0.11177957952022552,
        0.11116631716489792,
        0.11004936099052429,
        0.11090699076652527,
        0.107201566696167,
        0.11002326488494873,
        0.11009461402893067,
        0.10911197274923325,
        0.10670718818902969,
        0.10823127239942551,
        0.10908665746450424,
        0.10589993894100189,
        0.10767448782920837,
        0.1092773762345314,
        0.10985626846551895,
        0.10856393665075302,
        0.10837072402238845,
        0.10902984321117401,
        0.11002907902002335,
        0.10825339257717133,
        0.10859822869300842,
        0.10567526876926422,
        0.10729277580976486,
        0.10660016149282456,
        0.10822232097387313,
        0.11137827783823014,
        0.11060942083597183,
        0.10837908387184143,
        0.10933802366256713
    ],
    "val_loss": [
        0.19634507596492767,
        0.14895711466670036,
        0.13855233415961266,
        0.13350320234894753,
        0.12315317988395691,
        0.12232774682343006,
        0.12211320921778679,
        0.11552828550338745,
        0.11938276886940002,
        0.12214645370841026,
        0.12139333039522171,
        0.13102501444518566,
        0.13044273667037487,
        0.12175506353378296,
        0.11241297610104084,
        0.1304336003959179,
        0.11170556396245956,
        0.13184557668864727,
        0.1050630621612072,
        0.11256469413638115,
        0.11990826204419136,
        0.12673676013946533,
        0.11401539295911789,
        0.11137533560395241,
        0.11350959539413452,
        0.11438456363976002,
        0.12108972668647766,
        0.12155257910490036,
        0.11186712235212326,
        0.11369189247488976,
        0.11964326724410057,
        0.10648494772613049,
        0.10575666837394238,
        0.1226285882294178,
        0.1173882931470871,
        0.11696421168744564,
        0.10770808719098568,
        0.10909965634346008,
        0.09852575324475765,
        0.11027805134654045,
        0.11331059411168098,
        0.10866277478635311,
        0.11784299835562706,
        0.10915152914822102,
        0.10924912616610527,
        0.1110024992376566,
        0.11184169538319111,
        0.11564532481133938,
        0.11731909215450287,
        0.11503306403756142
    ],
    "val_psnr": [
        18.979732513427734,
        22.394102096557617,
        24.017751693725586,
        23.61221694946289,
        24.911108016967773,
        25.51486587524414,
        25.069446563720703,
        25.936677932739258,
        25.800582885742188,
        25.80596160888672,
        26.086931228637695,
        25.68964195251465,
        24.657978057861328,
        25.86752700805664,
        26.669544219970703,
        25.827892303466797,
        26.3580379486084,
        25.642656326293945,
        27.79629898071289,
        26.656301498413086,
        26.695392608642578,
        25.548999786376953,
        26.67778778076172,
        26.918241500854492,
        26.24985122680664,
        26.741294860839844,
        26.536205291748047,
        26.49628257751465,
        27.074321746826172,
        26.668296813964844,
        25.83034896850586,
        27.18975257873535,
        26.83156967163086,
        26.557933807373047,
        26.564176559448242,
        26.7635555267334,
        26.595552444458008,
        26.8746280670166,
        28.663312911987305,
        27.147436141967773,
        27.01715850830078,
        27.27764129638672,
        26.699934005737305,
        26.733074188232422,
        26.80575942993164,
        26.556135177612305,
        26.691261291503906,
        27.074790954589844,
        25.762897491455078,
        26.791370391845703
    ],
    "val_ssim": [
        0.5106877739583211,
        0.6733815657330375,
        0.7184870905663423,
        0.705342465862943,
        0.714611478084973,
        0.7358633062189671,
        0.7175495273272446,
        0.7302373633350883,
        0.7294343499949837,
        0.7351325695502898,
        0.73549050202613,
        0.7180937836089574,
        0.7254409826692091,
        0.7391793415859164,
        0.7473091137397114,
        0.7379941884355943,
        0.7355101689125226,
        0.7087513560149782,
        0.7546766382586929,
        0.7397373952465977,
        0.7414549988653079,
        0.7126975906838995,
        0.7423643535758789,
        0.739050513512068,
        0.7305093883580663,
        0.7365588297058758,
        0.7477928736722685,
        0.7190344127897269,
        0.7359019813793611,
        0.7292276196214539,
        0.7186081313351182,
        0.7366001911739596,
        0.7472744674220744,
        0.7261675181205013,
        0.7334088246587647,
        0.7505646741041953,
        0.7401880815871096,
        0.7448105937392442,
        0.7732596322062338,
        0.7328887873457838,
        0.7340871040075255,
        0.7425098881166058,
        0.7253262402820566,
        0.7256772717537963,
        0.7422813408797798,
        0.7357942842652385,
        0.72982300139854,
        0.7337811488601073,
        0.7093132978816098,
        0.7366274543254809
    ]
}